﻿{
    "ver":"5.0",
    "tag":"malurl_user",
    "data":[
        {
            "id":1,
            "power":true,
            "name":"思杰马克丁",
            "rules":"4009997658.com\rabbyychina.com\rbartender.cc\rbetterzip.net\rbeyondcompare.cc\rbingdianhuanyuan.cn\rchemdraw.com.cn\rcjmakeding.com\rcjmkt.com\rcodesoftchina.com\rcoreldrawchina.com\rcrossoverchina.com\reasyrecoverychina.com\rediuschina.com\rflstudiochina.com\rformysql.com\rguitarpro.cc\rhuishenghuiying.com.cn\rhypersnap.net\riconworkshop.cn\rimindmap.cc\rjihehuaban.com.cn\rkeyshot.cc\rkingdeecn.cn\rlogoshejishi.com\rmairuan.cn\rmairuan.com\rmairuan.com.cn\rmairuan.net\rmairuanwang.com\rmakeding.com\rmathtype.cn\rmindmanager.cc\rmindmapper.cc\rmycleanmymac.com\rnicelabel.cc\rntfsformac.cc\rntfsformac.cn\roverturechina.com\rpasswordrecovery.cn\rpdfexpert.cc\rshankejingling.com\rultraiso.net\rvegaschina.cn\rxmindchina.net\rxshellcn.com\ryihuifu.cn\ryuanchengxiezuo.com\rzbrushcn.com\rzhzzx.com"
        }
    ]
}