﻿{
    "ver":"5.0",
    "tag":"malurl_user",
    "data":[
        {
            "id":1,
            "power":true,
            "name":"运营商劫持",
            "rules":"17gouwuba.com\r186078.com\r189zj.cn\r285680.com\r3721zh.com\r4336wang.cn\r51chumoping.com\r51mld.cn\r58mingri.cn\r58mingtian.cn\r6d63d3.com\r7gg.cc\r91veg.com\r9s6q.cn\radsame.com\raiclk.com\rakuai.top\ratplay.cn\rbaiwanchuangyi.com\rbeerto.cn\rbeilamusi.com\rbenshiw.net\rbianxianmao.com\rbryonypie.com\rcishantao.com\rcszlks.com\rcudaojia.com\rdafapromo.com\rdaitdai.com\rdsaeerf.com\rdugesheying.com\rdv8c1t.cn\rerdoscs.com\rfan-yong.com\rfeih.com.cn\rfjlqqc.com\rfkku194.com\rfreedrive.cn\rgclick.cn\rgoufanli100.com\rgouwubang.com\rhaoshengtoys.com\richaosheng.com\rishop789.com\rjdkic.com\rjiubuhua.com\rjwg365.cn\rkawo77.com\rkualianyingxiao.cn\rkumihua.com\rltheanine.cn\rmaipinshangmao.com\rminisplat.cn\rmkitgfs.com\rmlnbike.com\rmobjump.com\rnbkbgd.cn\rnewapi.com\rpinzhitmall.com\rpoppyta.com\rqichexin.com\rqinchugudao.com\rquanliyouxi.cn\rqutaobi.com\rry51w.cn\rsg536.cn\rsifubo.cn\rsifuce.cn\rsifuda.cn\rsifufu.cn\rsifuge.cn\rsifugu.cn\rsifuhe.cn\rsifuhu.cn\rsifuji.cn\rsifuka.cn\rsmgru.net\rtaoggou.com\rtcxshop.com\rtjqonline.cn\rtopitme.com\rtuia.cn\rtuipenguin.com\rtuitiger.com\rwx16999.com\rxiaohuau.xyz\ryinmong.com\ryitaopt.com\ryjqiqi.com\ryukhj.com\rzhaozecheng.cn\rzhenxinet.com\rzunmi.cn\rzzd6.com"
        }
    ]
}